"hdgshjs","7897987987","hdgfj@dfhgh.com","sdhhfjsdfg","Job Offer","2019-05-12 21:30:52"
"Laharika","8475896542","lahar@gmail.com","Contact back!","Client List information","2019-05-13 0:49:24"
"TEST","1234567890","abc@gmail.com","TEST","Gather Information","2019-05-13 17:00:58"
"TEST","4126283091","test@gmail.com","TEST2","Job Offer","2019-05-13 17:05:02"
"TEST","4126283091","test@gmail.com","TEST2","Job Offer","2019-05-13 17:11:23"
"Mike","1234567890","mg@gmail.com","Good Job on the website !","Job Offer","2019-05-13 17:12:05"
